Method, Filter, Result
IQR, J0395, 0.136
IQR, gSDSS, 0.0595
IQR, J0515, 0.06
IQR, rSDSS, 0.07400000000000001
IQR, J0660, 0.09
IQR, iSDSS, 0.056499999999999995
IQR, J0861, 0.06999999999999999
ETA, J0395, 1.7208811415430936
ETA, gSDSS, 0.9285974456543207
ETA, J0515, 0.8754170779322338
ETA, rSDSS, 0.7301200228481199
ETA, J0660, 0.5405151496121336
ETA, iSDSS, 0.6114038790014885
ETA, J0861, 0.8166734417490862

