Method, Filter, Result
IQR, J0395, 0.131
IQR, gSDSS, 0.0935
IQR, J0515, 0.066
IQR, rSDSS, 0.0655
IQR, J0660, 0.0545
IQR, iSDSS, 0.060000000000000005
IQR, J0861, 0.0565
ETA, J0395, 0.8217493811062971
ETA, gSDSS, 0.9177519284186375
ETA, J0515, 0.9028854214381536
ETA, rSDSS, 0.9455999828161998
ETA, J0660, 1.0411181248184367
ETA, iSDSS, 1.0257776958312406
ETA, J0861, 1.3352134124559207

