Method, Filter, Result
IQR, gSDSS, 0.079
IQR, J0515, 0.256
IQR, rSDSS, 0.0175
IQR, J0660, 0.053000000000000005
IQR, iSDSS, 0.027000000000000003
IQR, J0861, 0.0335
ETA, gSDSS, 1.7427641028529808
ETA, J0515, 1.30504449488321
ETA, rSDSS, 2.1102433327222325
ETA, J0660, 2.01940018470184
ETA, iSDSS, 2.296327277449022
ETA, J0861, 2.883793537647213

