Method, Filter, Result
IQR, J0395, 0.1375
IQR, gSDSS, 0.083
IQR, J0515, 0.089
IQR, rSDSS, 0.08850000000000001
IQR, J0660, 0.0795
IQR, iSDSS, 0.091
IQR, J0861, 0.081
ETA, J0395, 1.0989805286956988
ETA, gSDSS, 1.192931858809287
ETA, J0515, 0.814650609369184
ETA, rSDSS, 0.9693427432009323
ETA, J0660, 0.7286226950690702
ETA, iSDSS, 1.0473993722381694
ETA, J0861, 1.2966388282753791

