Method, Filter, Result
IQR, J0395, 0.020499999999999997
IQR, gSDSS, 0.012
IQR, J0515, 0.013
IQR, rSDSS, 0.022
IQR, J0660, 0.024
IQR, iSDSS, 0.015
IQR, J0861, 0.013499999999999998
ETA, J0395, 1.987633490681974
ETA, gSDSS, 0.7547267838999547
ETA, J0515, 1.13738190684554
ETA, rSDSS, 0.6763013669179887
ETA, J0660, 0.8726928179449949
ETA, iSDSS, 0.6564917775476344
ETA, J0861, 0.8203726873692412

