Method, Filter, Result
IQR, J0395, 0.081
IQR, gSDSS, 0.026
IQR, J0515, 0.0345
IQR, rSDSS, 0.0335
IQR, J0660, 0.0385
IQR, iSDSS, 0.035500000000000004
IQR, J0861, 0.065
ETA, J0395, 0.7104587462707042
ETA, gSDSS, 1.3217020064825715
ETA, J0515, 0.6080269353726899
ETA, rSDSS, 2.248419636386856
ETA, J0660, 0.8730842356446679
ETA, iSDSS, 2.053392410121405
ETA, J0861, 2.467072477034228

