Method, Filter, Result
IQR, J0395, 0.34299999999999997
IQR, gSDSS, 0.17450000000000002
IQR, J0515, 0.1915
IQR, rSDSS, 0.0965
IQR, J0660, 0.135
IQR, iSDSS, 0.1275
IQR, J0861, 0.111
ETA, J0395, 0.8695685644695414
ETA, gSDSS, 0.852422865277453
ETA, J0515, 1.2462204318826073
ETA, rSDSS, 0.8088431947079244
ETA, J0660, 0.9325984335446711
ETA, iSDSS, 0.621304851716311
ETA, J0861, 1.32627044349451

