Method, Filter, Result
IQR, J0395, 0.157
IQR, gSDSS, 0.0115
IQR, J0515, 0.022
IQR, rSDSS, 0.0055
IQR, J0660, 0.0125
IQR, iSDSS, 0.0055
IQR, J0861, 0.006
ETA, J0395, 1.979407626366122
ETA, gSDSS, 2.542698280381222
ETA, J0515, 1.5613229474698704
ETA, rSDSS, 2.5593302346762066
ETA, J0660, 1.9843342050881476
ETA, iSDSS, 1.5995991088102326
ETA, J0861, 2.791644189660309

