Method, Filter, Result
IQR, J0395, 0.2215
IQR, gSDSS, 0.131
IQR, J0515, 0.14550000000000002
IQR, rSDSS, 0.08
IQR, J0660, 0.087
IQR, iSDSS, 0.0915
IQR, J0861, 0.058
ETA, J0395, 1.4190796633325573
ETA, gSDSS, 0.8304059358236223
ETA, J0515, 1.667254054773911
ETA, rSDSS, 0.657875389188995
ETA, J0660, 1.7166661532946035
ETA, iSDSS, 1.2373001711936855
ETA, J0861, 1.4149045601942065

