Method, Filter, Result
IQR, J0395, 0.039
IQR, gSDSS, 0.006500000000000001
IQR, J0515, 0.023
IQR, rSDSS, 0.0035
IQR, J0660, 0.0115
IQR, iSDSS, 0.006
IQR, J0861, 0.007000000000000001
ETA, J0395, 1.5293160656099851
ETA, gSDSS, 2.1244334691282263
ETA, J0515, 2.0099397667303656
ETA, rSDSS, 2.035096654274044
ETA, J0660, 1.8819750286699288
ETA, iSDSS, 2.649565105754725
ETA, J0861, 1.5727269493454759

