Method, Filter, Result
IQR, J0395, 0.213
IQR, gSDSS, 0.22099999999999997
IQR, J0515, 0.1265
IQR, rSDSS, 0.11499999999999999
IQR, J0660, 0.076
IQR, iSDSS, 0.0675
IQR, J0861, 0.062
ETA, J0395, 1.9617780826551898
ETA, gSDSS, 0.8499695187067546
ETA, J0515, 1.10739933981209
ETA, rSDSS, 1.0532549961166273
ETA, J0660, 0.9464770149126008
ETA, iSDSS, 1.2989044073840847
ETA, J0861, 1.1722845555601553

