Method, Filter, Result
IQR, J0395, 0.1505
IQR, gSDSS, 0.1275
IQR, J0515, 0.1245
IQR, rSDSS, 0.1065
IQR, J0660, 0.14350000000000002
IQR, iSDSS, 0.17099999999999999
IQR, J0861, 0.12
ETA, J0395, 0.7882922629371071
ETA, gSDSS, 0.7064801078504374
ETA, J0515, 0.8494621081401358
ETA, rSDSS, 0.6785514126425514
ETA, J0660, 0.7350468534952544
ETA, iSDSS, 0.8137102309592044
ETA, J0861, 0.8295959763939342

