Method, Filter, Result
IQR, J0395, 0.2035
IQR, gSDSS, 0.112
IQR, J0515, 0.1785
IQR, rSDSS, 0.0745
IQR, J0660, 0.1185
IQR, iSDSS, 0.06
IQR, J0861, 0.07100000000000001
ETA, J0395, 1.547168192751859
ETA, gSDSS, 0.6887472016557286
ETA, J0515, 0.9348444966690669
ETA, rSDSS, 1.1266585194837033
ETA, J0660, 1.0046879257762804
ETA, iSDSS, 0.9930950165911216
ETA, J0861, 0.8664462984405978

