Method, Filter, Result
IQR, J0395, 0.197
IQR, gSDSS, 0.11750000000000001
IQR, J0515, 0.14600000000000002
IQR, rSDSS, 0.096
IQR, J0660, 0.1675
IQR, iSDSS, 0.058
IQR, J0861, 0.123
ETA, J0395, 1.1408224375980391
ETA, gSDSS, 1.2957388714355123
ETA, J0515, 1.6791108458818307
ETA, rSDSS, 1.066094118187021
ETA, J0660, 1.1835073385043033
ETA, iSDSS, 1.4076521878562156
ETA, J0861, 1.4674062760832836

