Method, Filter, Result
IQR, gSDSS, 0.1275
IQR, J0515, 0.043
IQR, rSDSS, 0.237
IQR, J0660, 0.11699999999999999
IQR, iSDSS, 0.182
IQR, J0861, 0.1825
ETA, gSDSS, 2.582042380851698
ETA, J0515, 3.1473806814860126
ETA, rSDSS, 2.0128590601383745
ETA, J0660, 1.9630043600674618
ETA, iSDSS, 2.2725547385096214
ETA, J0861, 1.3101197621715739

