Method, Filter, Result
IQR, J0395, 0.2395
IQR, gSDSS, 0.055
IQR, J0515, 0.057499999999999996
IQR, rSDSS, 0.0875
IQR, J0660, 0.040499999999999994
IQR, iSDSS, 0.014
IQR, J0861, 0.022
ETA, J0395, 1.0620078984908141
ETA, gSDSS, 0.8228564277386329
ETA, J0515, 1.0748645327216946
ETA, rSDSS, 0.8974444065676697
ETA, J0660, 1.1559525787745193
ETA, iSDSS, 0.9822561592729039
ETA, J0861, 1.292165098774357

