Method, Filter, Result
IQR, J0395, 0.0245
IQR, gSDSS, 0.0055
IQR, J0515, 0.022
IQR, rSDSS, 0.007
IQR, J0660, 0.008
IQR, iSDSS, 0.0145
IQR, J0861, 0.02
ETA, J0395, 2.5252748444669826
ETA, gSDSS, 3.1632797066114136
ETA, J0515, 2.1501896639209948
ETA, rSDSS, 2.254743363821168
ETA, J0660, 1.9816235352804479
ETA, iSDSS, 2.465050443891023
ETA, J0861, 2.5468698804062924

