Method, Filter, Result
IQR, J0395, 0.1075
IQR, gSDSS, 0.013000000000000001
IQR, J0515, 0.018000000000000002
IQR, rSDSS, 0.007000000000000001
IQR, J0660, 0.012
IQR, iSDSS, 0.006500000000000001
IQR, J0861, 0.0055000000000000005
ETA, J0395, 1.709702874215043
ETA, gSDSS, 1.964925128888652
ETA, J0515, 2.483215496556445
ETA, rSDSS, 2.128379953960677
ETA, J0660, 2.002496769508268
ETA, iSDSS, 2.2174502712477397
ETA, J0861, 2.712050883035547

