Method, Filter, Result
IQR, J0395, 0.139
IQR, gSDSS, 0.3815
IQR, J0515, 0.3045
IQR, rSDSS, 0.20850000000000002
IQR, J0660, 0.157
IQR, iSDSS, 0.08750000000000001
IQR, J0861, 0.036000000000000004
ETA, J0395, 0.7403341867456883
ETA, gSDSS, 0.3847868285935655
ETA, J0515, 0.3659649202079122
ETA, rSDSS, 0.3456131032247852
ETA, J0660, 1.1579553617611824
ETA, iSDSS, 0.4394269387410339
ETA, J0861, 0.6552044657425378

