Method, Filter, Result
IQR, J0395, 0.21250000000000002
IQR, gSDSS, 0.08499999999999999
IQR, J0515, 0.089
IQR, rSDSS, 0.0215
IQR, J0660, 0.0335
IQR, iSDSS, 0.031
IQR, J0861, 0.015
ETA, J0395, 1.2330642024933283
ETA, gSDSS, 1.2852485574619652
ETA, J0515, 1.4022339580749836
ETA, rSDSS, 1.128350972050213
ETA, J0660, 1.0767845957080444
ETA, iSDSS, 0.6127179693430117
ETA, J0861, 1.4590339494459612

