Method, Filter, Result
IQR, J0395, 0.058
IQR, gSDSS, 0.006
IQR, J0515, 0.0195
IQR, rSDSS, 0.009000000000000001
IQR, J0660, 0.013000000000000001
IQR, iSDSS, 0.009500000000000001
IQR, J0861, 0.006
ETA, J0395, 2.561387736853448
ETA, gSDSS, 2.289383113790794
ETA, J0515, 1.6779544567496882
ETA, rSDSS, 2.0244841721814493
ETA, J0660, 1.8072823410008008
ETA, iSDSS, 1.4385300005802821
ETA, J0861, 1.888779586273

