Method, Filter, Result
IQR, J0395, 0.138
IQR, gSDSS, 0.11
IQR, J0515, 0.10999999999999999
IQR, rSDSS, 0.088
IQR, J0660, 0.05
IQR, iSDSS, 0.055
IQR, J0861, 0.045
ETA, J0395, 1.5867127562327354
ETA, gSDSS, 0.8697103277305585
ETA, J0515, 0.9632097997456002
ETA, rSDSS, 0.9875405459321311
ETA, J0660, 1.0319872109378558
ETA, iSDSS, 1.126447481008816
ETA, J0861, 1.5252587834630051

