Method, Filter, Result
IQR, J0395, 0.27
IQR, gSDSS, 0.0465
IQR, J0515, 0.0975
IQR, rSDSS, 0.033
IQR, J0660, 0.044
IQR, iSDSS, 0.0195
IQR, J0861, 0.0285
ETA, J0395, 2.5942560746781345
ETA, gSDSS, 1.5939206365297078
ETA, J0515, 1.2081229957250597
ETA, rSDSS, 1.1753252335598314
ETA, J0660, 1.6002553236217816
ETA, iSDSS, 1.362293491275885
ETA, J0861, 1.1698181305176425

