Method, Filter, Result
IQR, J0395, 0.066
IQR, gSDSS, 0.008
IQR, J0515, 0.020999999999999998
IQR, rSDSS, 0.008
IQR, J0660, 0.007
IQR, iSDSS, 0.013
IQR, J0861, 0.004
ETA, J0395, 1.662290711630791
ETA, gSDSS, 2.271825133855003
ETA, J0515, 1.7755718287847488
ETA, rSDSS, 2.1729521824653424
ETA, J0660, 1.9188343018044132
ETA, iSDSS, 2.3244840878581337
ETA, J0861, 2.0672282837136593

