Method, Filter, Result
IQR, J0395, 0.017
IQR, gSDSS, 0.004
IQR, J0515, 0.011
IQR, rSDSS, 0.006500000000000001
IQR, J0660, 0.006500000000000001
IQR, iSDSS, 0.0075
IQR, J0861, 0.004
ETA, J0395, 1.0676433126438227
ETA, gSDSS, 0.3295693492936728
ETA, J0515, 1.7950821273408712
ETA, rSDSS, 0.5408428610777828
ETA, J0660, 0.9602843690722981
ETA, iSDSS, 0.3752002254390129
ETA, J0861, 0.44060901610332404

