Method, Filter, Result
IQR, gSDSS, 0.057
IQR, J0515, 0.193
IQR, rSDSS, 0.053
IQR, J0660, 0.095
IQR, iSDSS, 0.0945
IQR, J0861, 0.09200000000000001
ETA, gSDSS, 1.2441382707014368
ETA, J0515, 1.2266539786591442
ETA, rSDSS, 1.764684059072984
ETA, J0660, 1.0347839934140428
ETA, iSDSS, 0.7376683062338754
ETA, J0861, 0.9036210352460899

