Method, Filter, Result
IQR, J0395, 0.2025
IQR, gSDSS, 0.297
IQR, J0515, 0.16699999999999998
IQR, rSDSS, 0.271
IQR, J0660, 0.198
IQR, iSDSS, 0.332
IQR, J0861, 0.2905
ETA, J0395, 1.097936082920143
ETA, gSDSS, 1.0960263146657194
ETA, J0515, 1.4132781438200182
ETA, rSDSS, 0.9678037914887561
ETA, J0660, 0.7254989215307778
ETA, iSDSS, 0.9890387612656752
ETA, J0861, 0.779917000157302

