Method, Filter, Result
IQR, J0395, 0
IQR, gSDSS, 0.061
IQR, J0515, 0.152
IQR, rSDSS, 0.0385
IQR, J0660, 0.07
IQR, iSDSS, 0.038
IQR, J0861, 0.036000000000000004
ETA, J0395, 4.0
ETA, gSDSS, 1.203205829937985
ETA, J0515, 1.8744030447397142
ETA, rSDSS, 1.5018320456791536
ETA, J0660, 2.5277648469821616
ETA, iSDSS, 0.8505857008847972
ETA, J0861, 2.0574530915433167

