Method, Filter, Result
IQR, J0395, 0.1405
IQR, gSDSS, 0.062
IQR, J0515, 0.122
IQR, rSDSS, 0.097
IQR, J0660, 0.14
IQR, iSDSS, 0.07400000000000001
IQR, J0861, 0.12
ETA, J0395, 1.9777501133626012
ETA, gSDSS, 1.2833017982542847
ETA, J0515, 1.7375570863214105
ETA, rSDSS, 1.7862777499858418
ETA, J0660, 2.6254089981746973
ETA, iSDSS, 1.7371136149612163
ETA, J0861, 1.9456785822947835

