Method, Filter, Result
IQR, gSDSS, 0.2045
IQR, J0515, 0
IQR, rSDSS, 0.07050000000000001
IQR, J0660, 0.29600000000000004
IQR, iSDSS, 0.188
IQR, J0861, 0.236
ETA, gSDSS, 1.8137983556525399
ETA, J0515, 0
ETA, rSDSS, 2.4548754402502846
ETA, J0660, 2.1398428357656423
ETA, iSDSS, 3.374802572872396
ETA, J0861, 1.8572676397007537

