Method, Filter, Result
IQR, J0395, 0.24400000000000002
IQR, gSDSS, 0.164
IQR, J0515, 0.174
IQR, rSDSS, 0.149
IQR, J0660, 0.201
IQR, iSDSS, 0.11399999999999999
IQR, J0861, 0.1185
ETA, J0395, 1.505425544041508
ETA, gSDSS, 1.3286463679743208
ETA, J0515, 1.2988890857907496
ETA, rSDSS, 1.2167740284257536
ETA, J0660, 1.2887651530973827
ETA, iSDSS, 1.2237787800355022
ETA, J0861, 1.171835198175181

