Method, Filter, Result
IQR, J0395, 0.0605
IQR, gSDSS, 0.031
IQR, J0515, 0.022
IQR, rSDSS, 0.0305
IQR, J0660, 0.018
IQR, iSDSS, 0.02
IQR, J0861, 0.017
ETA, J0395, 1.6549189610539492
ETA, gSDSS, 1.0334280024434501
ETA, J0515, 1.067560516053429
ETA, rSDSS, 1.013134195205749
ETA, J0660, 1.0522413120859186
ETA, iSDSS, 1.0999277763220516
ETA, J0861, 1.1571762940125192

