Method, Filter, Result
IQR, J0395, 0
IQR, gSDSS, 0.17
IQR, J0515, 0.2475
IQR, rSDSS, 0.236
IQR, J0660, 0.098
IQR, iSDSS, 0.3085
IQR, J0861, 0.197
ETA, J0395, 0
ETA, gSDSS, 0.9958323545332433
ETA, J0515, 1.0720587272243443
ETA, rSDSS, 1.4676272624351236
ETA, J0660, 1.0930265331106863
ETA, iSDSS, 1.286561400758776
ETA, J0861, 1.542990065522365

