Method, Filter, Result
IQR, J0395, 0.151
IQR, gSDSS, 0.09
IQR, J0515, 0.095
IQR, rSDSS, 0.074
IQR, J0660, 0.076
IQR, iSDSS, 0.099
IQR, J0861, 0.086
ETA, J0395, 1.0585812804032275
ETA, gSDSS, 0.9639506416195682
ETA, J0515, 0.9049728424909776
ETA, rSDSS, 0.9628328471493904
ETA, J0660, 0.896548567029009
ETA, iSDSS, 1.0154163737693804
ETA, J0861, 0.8168520100249249

