Method, Filter, Result
IQR, J0395, 0.065
IQR, gSDSS, 0.029
IQR, J0515, 0.057499999999999996
IQR, rSDSS, 0.046
IQR, J0660, 0.044
IQR, iSDSS, 0.03
IQR, J0861, 0.047
ETA, J0395, 2.2438499284203344
ETA, gSDSS, 0.8146999850772779
ETA, J0515, 1.5995439283866222
ETA, rSDSS, 0.8745869777736001
ETA, J0660, 1.1111445288397035
ETA, iSDSS, 0.9531574657551951
ETA, J0861, 0.6804272253333138

