Method, Filter, Result
IQR, J0395, 0.154
IQR, gSDSS, 0.10400000000000001
IQR, J0515, 0.1225
IQR, rSDSS, 0.1245
IQR, J0660, 0.165
IQR, iSDSS, 0.0815
IQR, J0861, 0.108
ETA, J0395, 1.725078474176969
ETA, gSDSS, 1.1923867749593262
ETA, J0515, 1.2946038253905545
ETA, rSDSS, 0.9691875746256381
ETA, J0660, 0.8734744820664584
ETA, iSDSS, 0.8523627411668613
ETA, J0861, 0.8698307028803604

