Method, Filter, Result
IQR, J0395, 0.02
IQR, gSDSS, 0.027
IQR, J0515, 0.0875
IQR, rSDSS, 0.025500000000000002
IQR, J0660, 0.031
IQR, iSDSS, 0.014
IQR, J0861, 0.025
ETA, J0395, 3.091694077726316
ETA, gSDSS, 2.2647200235633425
ETA, J0515, 2.0632388406559046
ETA, rSDSS, 1.4958836564215716
ETA, J0660, 2.2210674018317
ETA, iSDSS, 1.6764275414486924
ETA, J0861, 2.2142147206106184

