Method, Filter, Result
IQR, J0395, 0.086
IQR, gSDSS, 0.07550000000000001
IQR, J0515, 0.094
IQR, rSDSS, 0.039
IQR, J0660, 0.0315
IQR, iSDSS, 0.0265
IQR, J0861, 0.019
ETA, J0395, 2.776062598055111
ETA, gSDSS, 1.6485741358566068
ETA, J0515, 1.0830686325753267
ETA, rSDSS, 0.85338191136176
ETA, J0660, 0.8586900373075078
ETA, iSDSS, 1.0795183844499947
ETA, J0861, 0.7931736204230783

