Method, Filter, Result
IQR, J0395, 0.0995
IQR, gSDSS, 0.06
IQR, J0515, 0.174
IQR, rSDSS, 0.07100000000000001
IQR, J0660, 0.12000000000000001
IQR, iSDSS, 0.0885
IQR, J0861, 0.194
ETA, J0395, 2.184726603193253
ETA, gSDSS, 1.4967360170042578
ETA, J0515, 2.1567484103256933
ETA, rSDSS, 1.4712083205701731
ETA, J0660, 1.7076634619131648
ETA, iSDSS, 1.4058334244132558
ETA, J0861, 2.3830392893491084

