Method, Filter, Result
IQR, gSDSS, 0.23
IQR, J0515, 0.22799999999999998
IQR, rSDSS, 0.104
IQR, J0660, 0.1
IQR, iSDSS, 0.073
IQR, J0861, 0.056
ETA, gSDSS, 2.308895447984105
ETA, J0515, 3.1077496394633934
ETA, rSDSS, 1.4959398157338606
ETA, J0660, 1.903020374954095
ETA, iSDSS, 1.2852522806186701
ETA, J0861, 2.4242352225995027

