Method, Filter, Result
IQR, J0395, 0.3355
IQR, gSDSS, 0.3025
IQR, J0515, 0.241
IQR, rSDSS, 0.1935
IQR, J0660, 0.1925
IQR, iSDSS, 0.178
IQR, J0861, 0.1555
ETA, J0395, 1.194789111476635
ETA, gSDSS, 0.885315808064845
ETA, J0515, 0.9316951258764712
ETA, rSDSS, 0.8703363439530799
ETA, J0660, 1.3638789587622238
ETA, iSDSS, 0.7951160629591855
ETA, J0861, 0.7015880588118324

