Method, Filter, Result
IQR, J0395, 0.009000000000000001
IQR, gSDSS, 0.004
IQR, J0515, 0.0115
IQR, rSDSS, 0.0035
IQR, J0660, 0.004
IQR, iSDSS, 0.0045000000000000005
IQR, J0861, 0.003
ETA, J0395, 1.4039820267716414
ETA, gSDSS, 2.3012220347306047
ETA, J0515, 2.1773965472083967
ETA, rSDSS, 1.4174130385138342
ETA, J0660, 1.8790511343176084
ETA, iSDSS, 0.33863560100293455
ETA, J0861, 2.4167773117651397

