Method, Filter, Result
IQR, J0395, 0.051500000000000004
IQR, gSDSS, 0.023
IQR, J0515, 0.0365
IQR, rSDSS, 0.004
IQR, J0660, 0.017
IQR, iSDSS, 0.0135
IQR, J0861, 0.01
ETA, J0395, 1.7452261424829443
ETA, gSDSS, 1.0594381049336754
ETA, J0515, 1.1752258879080746
ETA, rSDSS, 2.018933102358995
ETA, J0660, 0.8790842948489513
ETA, iSDSS, 1.3708702557254995
ETA, J0861, 1.0681478197692316

