Method, Filter, Result
IQR, J0395, 0.224
IQR, gSDSS, 0.283
IQR, J0515, 0.137
IQR, rSDSS, 0.29450000000000004
IQR, J0660, 0.08700000000000001
IQR, iSDSS, 0.203
IQR, J0861, 0.184
ETA, J0395, 0.5837135230595977
ETA, gSDSS, 0.7683202881373614
ETA, J0515, 0.5628416200304199
ETA, rSDSS, 0.5967640983672756
ETA, J0660, 0.5721575515957639
ETA, iSDSS, 0.7464994702732103
ETA, J0861, 0.7485606197129472

