Method, Filter, Result
IQR, J0395, 0.026
IQR, gSDSS, 0.0245
IQR, J0515, 0.0915
IQR, rSDSS, 0.025
IQR, J0660, 0.024999999999999998
IQR, iSDSS, 0.0275
IQR, J0861, 0.033
ETA, J0395, 2.742739040574351
ETA, gSDSS, 2.4687314726969847
ETA, J0515, 1.3462429425094868
ETA, rSDSS, 2.6696073610571993
ETA, J0660, 1.9502938535633145
ETA, iSDSS, 2.5921408601802027
ETA, J0861, 2.0380936994492527

