Method, Filter, Result
IQR, J0395, 0.096
IQR, gSDSS, 0.026500000000000003
IQR, J0515, 0.03
IQR, rSDSS, 0.0195
IQR, J0660, 0.025
IQR, iSDSS, 0.027000000000000003
IQR, J0861, 0.018000000000000002
ETA, J0395, 2.0254613831807093
ETA, gSDSS, 0.8380280408924163
ETA, J0515, 1.424590021148791
ETA, rSDSS, 0.9279495844074908
ETA, J0660, 1.2048675481337456
ETA, iSDSS, 1.4493769792096933
ETA, J0861, 1.197440514273092

