Method, Filter, Result
IQR, J0395, 0.6779999999999999
IQR, gSDSS, 0.22699999999999998
IQR, J0515, 0.15250000000000002
IQR, rSDSS, 0.254
IQR, J0660, 0.1865
IQR, iSDSS, 0.19899999999999998
IQR, J0861, 0.091
ETA, J0395, 0.5854726135686853
ETA, gSDSS, 0.9768415839106299
ETA, J0515, 1.4422701224738443
ETA, rSDSS, 0.9265358443665086
ETA, J0660, 0.7773808048310202
ETA, iSDSS, 1.077948843642824
ETA, J0861, 1.1254750534194737

