Method, Filter, Result
IQR, J0395, 0.4655
IQR, gSDSS, 0.0305
IQR, J0515, 0.126
IQR, rSDSS, 0.055
IQR, J0660, 0.1185
IQR, iSDSS, 0.064
IQR, J0861, 0.052000000000000005
ETA, J0395, 1.8483569118490433
ETA, gSDSS, 1.5122073313394033
ETA, J0515, 1.4978272036982516
ETA, rSDSS, 1.4633635555710436
ETA, J0660, 0.8106747524226432
ETA, iSDSS, 2.0924210526418467
ETA, J0861, 1.142213070948257

