Method, Filter, Result
IQR, J0395, 0.31999999999999995
IQR, gSDSS, 0.257
IQR, J0515, 0.242
IQR, rSDSS, 0.194
IQR, J0660, 0.155
IQR, iSDSS, 0.16799999999999998
IQR, J0861, 0.131
ETA, J0395, 0.7756384479374877
ETA, gSDSS, 0.7018209411519478
ETA, J0515, 0.7679727086900363
ETA, rSDSS, 0.7271181155343878
ETA, J0660, 0.7366503780876706
ETA, iSDSS, 0.7364285752380975
ETA, J0861, 0.6839523041075921

