Method, Filter, Result
IQR, J0395, 0.02
IQR, gSDSS, 0.0025
IQR, J0515, 0.0055
IQR, rSDSS, 0.0015
IQR, J0660, 0.003
IQR, iSDSS, 0.002
IQR, J0861, 0.003
ETA, J0395, 1.9739879255909174
ETA, gSDSS, 1.9290528476339697
ETA, J0515, 1.8494413819145872
ETA, rSDSS, 1.9992754267425323
ETA, J0660, 1.9371999470494787
ETA, iSDSS, 1.631508578108109
ETA, J0861, 1.2074345045332933

