Method, Filter, Result
IQR, J0395, 0.0925
IQR, gSDSS, 0.107
IQR, J0515, 0.1175
IQR, rSDSS, 0.11200000000000002
IQR, J0660, 0.087
IQR, iSDSS, 0.11499999999999999
IQR, J0861, 0.109
ETA, J0395, 1.903773717453846
ETA, gSDSS, 1.0214950051478748
ETA, J0515, 1.5214216748561564
ETA, rSDSS, 0.9645750119122555
ETA, J0660, 1.3278740607179957
ETA, iSDSS, 1.1482983173087922
ETA, J0861, 1.5376049924647106

